Al,Co,Cr,Fe,Ni,Cu,Mn,Ti,V,Nb,Mo,C,Si,Zr,B,Y,Sn,Li,Mg,Zn,Sc,Hf,Ta,W,Be,Pd,Pt,Rh,Ir,Au,Ag,HV
0,0.333,0,0.333,0.333,0,0,0,0,0,0,0,0,0,0,0,0,0,0,0,0,0,0,0,0,0,0,0,0,0,0,125
0,0.333,0,0.333,0.333,0,0,0,0,0,0,0,0,0,0,0,0,0,0,0,0,0,0,0,0,0,0,0,0,0,0,125
0,0.333,0,0.333,0.333,0,0,0,0,0,0,0,0,0,0,0,0,0,0,0,0,0,0,0,0,0,0,0,0,0,0,
0,0.30769,0,0.30769,0.30769,0,0,0,0,0,0,0,0.07692,0,0,0,0,0,0,0,0,0,0,0,0,0,0,0,0,0,0,149
0,0.2857,0,0.2857,0.2857,0,0,0,0,0,0,0,0.14285,0,0,0,0,0,0,0,0,0,0,0,0,0,0,0,0,0,0,287
0,0.2666,0,0.2666,0.2666,0,0,0,0,0,0,0,0.2,0,0,0,0,0,0,0,0,0,0,0,0,0,0,0,0,0,0,570
0.07692,0.30769,0,0.30769,0.30769,0,0,0,0,0,0,0,0,0,0,0,0,0,0,0,0,0,0,0,0,0,0,0,0,0,0,138
0.14285,0.2857,0,0.2857,0.2857,0,0,0,0,0,0,0,0,0,0,0,0,0,0,0,0,0,0,0,0,0,0,0,0,0,0,212
0.2,0.2666,0,0.2666,0.2666,0,0,0,0,0,0,0,0,0,0,0,0,0,0,0,0,0,0,0,0,0,0,0,0,0,0,385
0,0.25,0.25,0.25,0.25,0,0,0,0,0,0,0,0,0,0,0,0,0,0,0,0,0,0,0,0,0,0,0,0,0,0,
0,0.25,0.25,0.25,0.25,0,0,0,0,0,0,0,0,0,0,0,0,0,0,0,0,0,0,0,0,0,0,0,0,0,0,116
0,0.25,0.25,0.25,0.25,0,0,0,0,0,0,0,0,0,0,0,0,0,0,0,0,0,0,0,0,0,0,0,0,0,0,113
0,0.222,0.222,0.222,0.222,0,0,0,0,0,0.111,0,0,0,0,0,0,0,0,0,0,0,0,0,0,0,0,0,0,0,0,210
0,0.2437,0.2437,0.2437,0.2437,0,0,0,0,0.0251,0,0,0,0,0,0,0,0,0,0,0,0,0,0,0,0,0,0,0,0,0,
0,0.24067,0.24067,0.24067,0.24067,0,0,0,0,0.0373,0,0,0,0,0,0,0,0,0,0,0,0,0,0,0,0,0,0,0,0,0,
0,0.2377,0.2377,0.2377,0.2377,0,0,0,0,0.04897,0,0,0,0,0,0,0,0,0,0,0,0,0,0,0,0,0,0,0,0,0,
0,0.23207,0.23207,0.23207,0.23207,0,0,0,0,0.07171,0,0,0,0,0,0,0,0,0,0,0,0,0,0,0,0,0,0,0,0,0,
0,0.2266,0.2266,0.2266,0.2266,0,0,0,0,0.09338,0,0,0,0,0,0,0,0,0,0,0,0,0,0,0,0,0,0,0,0,0,
0,0.2,0.2,0.2,0.2,0,0,0.2,0,0,0,0,0,0,0,0,0,0,0,0,0,0,0,0,0,0,0,0,0,0,0,
0,0.2727,0.1818,0.1818,0.2727,0,0,0.0909,0,0,0,0,0,0,0,0,0,0,0,0,0,0,0,0,0,0,0,0,0,0,0,509
0,0.25,0.1666,0.1666,0.25,0,0,0.1666,0,0,0,0,0,0,0,0,0,0,0,0,0,0,0,0,0,0,0,0,0,0,0,654
0.05882,0.23529,0.23529,0.23529,0.23529,0,0,0,0,0,0,0,0,0,0,0,0,0,0,0,0,0,0,0,0,0,0,0,0,0,0,110
0.05882,0.23529,0.23529,0.23529,0.23529,0,0,0,0,0,0,0,0,0,0,0,0,0,0,0,0,0,0,0,0,0,0,0,0,0,0,113
0.08571,0.2285,0.2285,0.2285,0.2285,0,0,0,0,0,0,0,0,0,0,0,0,0,0,0,0,0,0,0,0,0,0,0,0,0,0,131
0.08571,0.2285,0.2285,0.2285,0.2285,0,0,0,0,0,0,0,0,0,0,0,0,0,0,0,0,0,0,0,0,0,0,0,0,0,0,196
0.1111,0.2222,0.2222,0.2222,0.2222,0,0,0,0,0,0,0,0,0,0,0,0,0,0,0,0,0,0,0,0,0,0,0,0,0,0,159
0.1111,0.2222,0.2222,0.2222,0.2222,0,0,0,0,0,0,0,0,0,0,0,0,0,0,0,0,0,0,0,0,0,0,0,0,0,0,209
0.175,0.075,0.25,0.25,0.25,0,0,0,0,0,0,0,0,0,0,0,0,0,0,0,0,0,0,0,0,0,0,0,0,0,0,624
0.15789,0.210526,0.210526,0.210526,0.210526,0,0,0,0,0,0,0,0,0,0,0,0,0,0,0,0,0,0,0,0,0,0,0,0,0,0,388
0.15789,0.210526,0.210526,0.210526,0.210526,0,0,0,0,0,0,0,0,0,0,0,0,0,0,0,0,0,0,0,0,0,0,0,0,0,0,280
0.179487,0.205128,0.205128,0.205128,0.205128,0,0,0,0,0,0,0,0,0,0,0,0,0,0,0,0,0,0,0,0,0,0,0,0,0,0,
0.179487,0.205128,0.205128,0.205128,0.205128,0,0,0,0,0,0,0,0,0,0,0,0,0,0,0,0,0,0,0,0,0,0,0,0,0,0,538
0.179487,0.205128,0.205128,0.205128,0.205128,0,0,0,0,0,0,0,0,0,0,0,0,0,0,0,0,0,0,0,0,0,0,0,0,0,0,361
0.2,0.2,0.2,0.2,0.2,0,0,0,0,0,0,0,0,0,0,0,0,0,0,0,0,0,0,0,0,0,0,0,0,0,0,484
0.2,0.2,0.2,0.2,0.2,0,0,0,0,0,0,0,0,0,0,0,0,0,0,0,0,0,0,0,0,0,0,0,0,0,0,433
0.2,0.2,0.2,0.2,0.2,0,0,0,0,0,0,0,0,0,0,0,0,0,0,0,0,0,0,0,0,0,0,0,0,0,0,395
0.2,0.2,0.2,0.2,0.2,0,0,0,0,0,0,0,0,0,0,0,0,0,0,0,0,0,0,0,0,0,0,0,0,0,0,
0.2,0.2,0.2,0.2,0.2,0,0,0,0,0,0,0,0,0,0,0,0,0,0,0,0,0,0,0,0,0,0,0,0,0,0,
0.2,0.2,0.2,0.2,0.2,0,0,0,0,0,0,0,0,0,0,0,0,0,0,0,0,0,0,0,0,0,0,0,0,0,0,
0.2,0.2,0.2,0.2,0.2,0,0,0,0,0,0,0,0,0,0,0,0,0,0,0,0,0,0,0,0,0,0,0,0,0,0,
0.2,0.2,0.2,0.2,0.2,0,0,0,0,0,0,0,0,0,0,0,0,0,0,0,0,0,0,0,0,0,0,0,0,0,0,
0.2,0.2,0.2,0.2,0.2,0,0,0,0,0,0,0,0,0,0,0,0,0,0,0,0,0,0,0,0,0,0,0,0,0,0,
0.2,0.2,0.2,0.2,0.2,0,0,0,0,0,0,0,0,0,0,0,0,0,0,0,0,0,0,0,0,0,0,0,0,0,0,520
0.23809,0.19047,0.19047,0.19047,0.19047,0,0,0,0,0,0,0,0,0,0,0,0,0,0,0,0,0,0,0,0,0,0,0,0,0,0,487
0.23809,0.19047,0.19047,0.19047,0.19047,0,0,0,0,0,0,0,0,0,0,0,0,0,0,0,0,0,0,0,0,0,0,0,0,0,0,499
0.2727,0.1818,0.1818,0.1818,0.1818,0,0,0,0,0,0,0,0,0,0,0,0,0,0,0,0,0,0,0,0,0,0,0,0,0,0,484
0.2727,0.1818,0.1818,0.1818,0.1818,0,0,0,0,0,0,0,0,0,0,0,0,0,0,0,0,0,0,0,0,0,0,0,0,0,0,517
0.2727,0.1818,0.1818,0.1818,0.1818,0,0,0,0,0,0,0,0,0,0,0,0,0,0,0,0,0,0,0,0,0,0,0,0,0,0,402
0.3333,0.16667,0.16667,0.16667,0.16667,0,0,0,0,0,0,0,0,0,0,0,0,0,0,0,0,0,0,0,0,0,0,0,0,0,0,509
0.3333,0.16667,0.16667,0.16667,0.16667,0,0,0,0,0,0,0,0,0,0,0,0,0,0,0,0,0,0,0,0,0,0,0,0,0,0,512
0.3333,0.16667,0.16667,0.16667,0.16667,0,0,0,0,0,0,0,0,0,0,0,0,0,0,0,0,0,0,0,0,0,0,0,0,0,0,432
0.3846,0.1538,0.1538,0.1538,0.1538,0,0,0,0,0,0,0,0,0,0,0,0,0,0,0,0,0,0,0,0,0,0,0,0,0,0,487
0.42857,0.14285,0.14285,0.14285,0.14285,0,0,0,0,0,0,0,0,0,0,0,0,0,0,0,0,0,0,0,0,0,0,0,0,0,0,506
0.196078,0.196078,0.196078,0.196078,0.196078,0,0,0,0,0,0,0.019607,0,0,0,0,0,0,0,0,0,0,0,0,0,0,0,0,0,0,0,
0.192307,0.192307,0.192307,0.192307,0.192307,0,0,0,0,0,0,0.0384615,0,0,0,0,0,0,0,0,0,0,0,0,0,0,0,0,0,0,0,
0.188679,0.188679,0.188679,0.188679,0.188679,0,0,0,0,0,0,0.0566037,0,0,0,0,0,0,0,0,0,0,0,0,0,0,0,0,0,0,0,
0.185185,0.185185,0.185185,0.185185,0.185185,0,0,0,0,0,0,0.074074,0,0,0,0,0,0,0,0,0,0,0,0,0,0,0,0,0,0,0,
0.181818,0.181818,0.181818,0.181818,0.181818,0,0,0,0,0,0,0.090909,0,0,0,0,0,0,0,0,0,0,0,0,0,0,0,0,0,0,0,
0.16666,0.16666,0.16666,0.16666,0.16666,0,0,0,0,0,0,0.16666,0,0,0,0,0,0,0,0,0,0,0,0,0,0,0,0,0,0,0,
0.153846,0.153846,0.153846,0.153846,0.153846,0,0,0,0,0,0,0.23076,0,0,0,0,0,0,0,0,0,0,0,0,0,0,0,0,0,0,0,
0.1,0.2,0.2,0.2,0.2,0,0,0,0,0,0.1,0,0,0,0,0,0,0,0,0,0,0,0,0,0,0,0,0,0,0,0,425
0.2,0.1,0.2,0.2,0.2,0,0,0,0,0,0.1,0,0,0,0,0,0,0,0,0,0,0,0,0,0,0,0,0,0,0,0,801
0.2,0.2,0.2,0.1,0.2,0,0,0,0,0,0.1,0,0,0,0,0,0,0,0,0,0,0,0,0,0,0,0,0,0,0,0,755
0.196078,0.196078,0.196078,0.117647,0.196078,0,0,0,0,0,0.098039,0,0,0,0,0,0,0,0,0,0,0,0,0,0,0,0,0,0,0,0,754
0.196078,0.196078,0.196078,0.196078,0.196078,0,0,0,0,0,0.019607,0,0,0,0,0,0,0,0,0,0,0,0,0,0,0,0,0,0,0,0,
0.192307,0.192307,0.192307,0.192307,0.192307,0,0,0,0,0,0.0384615,0,0,0,0,0,0,0,0,0,0,0,0,0,0,0,0,0,0,0,0,
0.188679,0.188679,0.188679,0.188679,0.188679,0,0,0,0,0,0.056603,0,0,0,0,0,0,0,0,0,0,0,0,0,0,0,0,0,0,0,0,
0.185185,0.185185,0.185185,0.185185,0.185185,0,0,0,0,0,0.074074,0,0,0,0,0,0,0,0,0,0,0,0,0,0,0,0,0,0,0,0,
0.2,0.2,0.2,0.2,0.1,0,0,0,0,0,0.1,0,0,0,0,0,0,0,0,0,0,0,0,0,0,0,0,0,0,0,0,708
0.181818,0.181818,0.181818,0.181818,0.181818,0,0,0,0,0,0.090909,0,0,0,0,0,0,0,0,0,0,0,0,0,0,0,0,0,0,0,0,
0.181818,0.181818,0.181818,0.181818,0.181818,0,0,0,0,0,0.090909,0,0,0,0,0,0,0,0,0,0,0,0,0,0,0,0,0,0,0,0,796
0.181818,0.181818,0.181818,0.181818,0.181818,0,0,0,0,0,0.090909,0,0,0,0,0,0,0,0,0,0,0,0,0,0,0,0,0,0,0,0,715
0.181818,0.181818,0.181818,0.181818,0.181818,0,0,0,0,0,0.090909,0,0,0,0,0,0,0,0,0,0,0,0,0,0,0,0,0,0,0,0,730
0.16666,0.16666,0.16666,0.16666,0.25,0,0,0,0,0,0.083333,0,0,0,0,0,0,0,0,0,0,0,0,0,0,0,0,0,0,0,0,586
0.153846,0.153846,0.153846,0.153846,0.30769,0,0,0,0,0,0.076923,0,0,0,0,0,0,0,0,0,0,0,0,0,0,0,0,0,0,0,0,395
0.16666,0.25,0.16666,0.16666,0.16666,0,0,0,0,0,0.083333,0,0,0,0,0,0,0,0,0,0,0,0,0,0,0,0,0,0,0,0,741
0.153846,0.30769,0.153846,0.153846,0.153846,0,0,0,0,0,0.076923,0,0,0,0,0,0,0,0,0,0,0,0,0,0,0,0,0,0,0,0,586
0.16666,0.16666,0.16666,0.25,0.16666,0,0,0,0,0,0.083333,0,0,0,0,0,0,0,0,0,0,0,0,0,0,0,0,0,0,0,0,635
0.153846,0.153846,0.153846,0.30769,0.153846,0,0,0,0,0,0.076923,0,0,0,0,0,0,0,0,0,0,0,0,0,0,0,0,0,0,0,0,639
0.25,0.16666,0.16666,0.16666,0.16666,0,0,0,0,0,0.083333,0,0,0,0,0,0,0,0,0,0,0,0,0,0,0,0,0,0,0,0,655
0.30769,0.153846,0.153846,0.153846,0.153846,0,0,0,0,0,0.076923,0,0,0,0,0,0,0,0,0,0,0,0,0,0,0,0,0,0,0,0,605
0.196078,0.196078,0.196078,0.196078,0.196078,0,0,0,0,0.019607,0,0,0,0,0,0,0,0,0,0,0,0,0,0,0,0,0,0,0,0,0,569
0.190476,0.190476,0.190476,0.190476,0.190476,0,0,0,0,0.047619,0,0,0,0,0,0,0,0,0,0,0,0,0,0,0,0,0,0,0,0,0,668
0.181818,0.181818,0.181818,0.181818,0.181818,0,0,0,0,0.090909,0,0,0,0,0,0,0,0,0,0,0,0,0,0,0,0,0,0,0,0,0,747
0.173913,0.173913,0.173913,0.173913,0.173913,0,0,0,0,0.1304347,0,0,0,0,0,0,0,0,0,0,0,0,0,0,0,0,0,0,0,0,0,
0.192307,0.192307,0.192307,0.192307,0.192307,0,0,0,0,0,0,0,0.0384615,0,0,0,0,0,0,0,0,0,0,0,0,0,0,0,0,0,0,
0.185185,0.185185,0.185185,0.185185,0.185185,0,0,0,0,0,0,0,0.074074,0,0,0,0,0,0,0,0,0,0,0,0,0,0,0,0,0,0,
0.17857,0.17857,0.17857,0.17857,0.17857,0,0,0,0,0,0,0,0.1071428,0,0,0,0,0,0,0,0,0,0,0,0,0,0,0,0,0,0,
0.1724137,0.1724137,0.1724137,0.1724137,0.1724137,0,0,0,0,0,0,0,0.137931,0,0,0,0,0,0,0,0,0,0,0,0,0,0,0,0,0,0,
0.166666,0.166666,0.166666,0.166666,0.166666,0,0,0,0,0,0,0,0.166666,0,0,0,0,0,0,0,0,0,0,0,0,0,0,0,0,0,0,
0.166666,0.166666,0.166666,0.166666,0.166666,0,0,0,0,0,0,0,0.166666,0,0,0,0,0,0,0,0,0,0,0,0,0,0,0,0,0,0,
0.0350876,0.263157,0.175438,0.175438,0.263157,0,0,0.087719,0,0,0,0,0,0,0,0,0,0,0,0,0,0,0,0,0,0,0,0,0,0,0,487
0.032258,0.241935,0.1612903,0.1612903,0.241935,0,0,0.1612903,0,0,0,0,0,0,0,0,0,0,0,0,0,0,0,0,0,0,0,0,0,0,0,717
0.090909,0.181818,0.181818,0.181818,0.181818,0,0,0.181818,0,0,0,0,0,0,0,0,0,0,0,0,0,0,0,0,0,0,0,0,0,0,0,
0.181818,0.181818,0.181818,0.181818,0.181818,0,0,0.090909,0,0,0,0,0,0,0,0,0,0,0,0,0,0,0,0,0,0,0,0,0,0,0,178
0.181818,0.181818,0.181818,0.181818,0.181818,0,0,0.090909,0,0,0,0,0,0,0,0,0,0,0,0,0,0,0,0,0,0,0,0,0,0,0,178
0.166666,0.166666,0.166666,0.166666,0.166666,0,0,0.166666,0,0,0,0,0,0,0,0,0,0,0,0,0,0,0,0,0,0,0,0,0,0,0,
0.166666,0.166666,0.166666,0.166666,0.166666,0,0,0.166666,0,0,0,0,0,0,0,0,0,0,0,0,0,0,0,0,0,0,0,0,0,0,0,
0.153846,0.153846,0.153846,0.153846,0.153846,0,0,0.230769,0,0,0,0,0,0,0,0,0,0,0,0,0,0,0,0,0,0,0,0,0,0,0,
0.230769,0.153846,0.153846,0.153846,0.153846,0,0,0.153846,0,0,0,0,0,0,0,0,0,0,0,0,0,0,0,0,0,0,0,0,0,0,0,
0.285714,0.142857,0.142857,0.142857,0.142857,0,0,0.142857,0,0,0,0,0,0,0,0,0,0,0,0,0,0,0,0,0,0,0,0,0,0,0,643
0.125,0.125,0.125,0.125,0.125,0,0,0.125,0.125,0,0,0,0,0.125,0,0,0,0,0,0,0,0,0,0,0,0,0,0,0,0,0,780
0,0.2,0.2,0.2,0.2,0,0.2,0,0,0,0,0,0,0,0,0,0,0,0,0,0,0,0,0,0,0,0,0,0,0,0,176
0,0.2,0.2,0.2,0.2,0,0.2,0,0,0,0,0,0,0,0,0,0,0,0,0,0,0,0,0,0,0,0,0,0,0,0,144
0,0.190476,0.190476,0.190476,0.190476,0,0.190476,0,0.047619,0,0,0,0,0,0,0,0,0,0,0,0,0,0,0,0,0,0,0,0,0,0,151
0,0.181818,0.181818,0.181818,0.181818,0,0.181818,0,0.090909,0,0,0,0,0,0,0,0,0,0,0,0,0,0,0,0,0,0,0,0,0,0,186
0,0.173913,0.173913,0.173913,0.173913,0,0.173913,0,0.1304347,0,0,0,0,0,0,0,0,0,0,0,0,0,0,0,0,0,0,0,0,0,0,342
0,0.166666,0.166666,0.166666,0.166666,0,0.166666,0,0.166666,0,0,0,0,0,0,0,0,0,0,0,0,0,0,0,0,0,0,0,0,0,0,650
0.019607,0.196078,0.196078,0.196078,0.196078,0,0.196078,0,0,0,0,0,0,0,0,0,0,0,0,0,0,0,0,0,0,0,0,0,0,0,0,180
0.0384615,0.192307,0.192307,0.192307,0.192307,0,0.192307,0,0,0,0,0,0,0,0,0,0,0,0,0,0,0,0,0,0,0,0,0,0,0,0,171
0.0706319,0.185873,0.185873,0.185873,0.185873,0,0.185873,0,0,0,0,0,0,0,0,0,0,0,0,0,0,0,0,0,0,0,0,0,0,0,0,182
0.079189,0.184162,0.184162,0.184162,0.184162,0,0.184162,0,0,0,0,0,0,0,0,0,0,0,0,0,0,0,0,0,0,0,0,0,0,0,0,183
0.089253,0.182149,0.182149,0.182149,0.182149,0,0.182149,0,0,0,0,0,0,0,0,0,0,0,0,0,0,0,0,0,0,0,0,0,0,0,0,220
0.100719,0.179856,0.179856,0.179856,0.179856,0,0.179856,0,0,0,0,0,0,0,0,0,0,0,0,0,0,0,0,0,0,0,0,0,0,0,0,278
0.1103202,0.177935,0.177935,0.177935,0.177935,0,0.177935,0,0,0,0,0,0,0,0,0,0,0,0,0,0,0,0,0,0,0,0,0,0,0,0,405
0.119718,0.176056,0.176056,0.176056,0.176056,0,0.176056,0,0,0,0,0,0,0,0,0,0,0,0,0,0,0,0,0,0,0,0,0,0,0,0,486
0.130434,0.173913,0.173913,0.173913,0.173913,0,0.173913,0,0,0,0,0,0,0,0,0,0,0,0,0,0,0,0,0,0,0,0,0,0,0,0,530
0.13941,0.172117,0.172117,0.172117,0.172117,0,0.172117,0,0,0,0,0,0,0,0,0,0,0,0,0,0,0,0,0,0,0,0,0,0,0,0,539
0.149659,0.170068,0.170068,0.170068,0.170068,0,0.170068,0,0,0,0,0,0,0,0,0,0,0,0,0,0,0,0,0,0,0,0,0,0,0,0,533
0.159663,0.168067,0.168067,0.168067,0.168067,0,0.168067,0,0,0,0,0,0,0,0,0,0,0,0,0,0,0,0,0,0,0,0,0,0,0,0,535
0.2,0.16,0.16,0.16,0.16,0,0.16,0,0,0,0,0,0,0,0,0,0,0,0,0,0,0,0,0,0,0,0,0,0,0,0,539
0,0.3333,0.3333,0,0.3333,0,0,0,0,0,0,0,0,0,0,0,0,0,0,0,0,0,0,0,0,0,0,0,0,0,0,
0,0.3333,0,0,0.3333,0,0.3333,0,0,0,0,0,0,0,0,0,0,0,0,0,0,0,0,0,0,0,0,0,0,0,0,
0,0,0,0.3333,0.3333,0,0.3333,0,0,0,0,0,0,0,0,0,0,0,0,0,0,0,0,0,0,0,0,0,0,0,0,
0,0.2,0.2,0.2,0.2,0,0,0,0,0,0,0,0,0,0,0,0,0,0,0,0,0,0,0,0,0,0,0,0,0,0,
0,0.2,0.2,0,0.2,0,0.2,0,0,0,0,0,0,0,0,0,0,0,0,0,0,0,0,0,0,0,0,0,0,0,0,
0,0.2,0,0.2,0.2,0,0.2,0,0,0,0,0,0,0,0,0,0,0,0,0,0,0,0,0,0,0,0,0,0,0,0,
0.1111,0,0.2222,0.3333,0.1111,0,0.2222,0,0,0,0,0,0,0,0,0,0,0,0,0,0,0,0,0,0,0,0,0,0,0,0,396
0.069767,0,0.232558,0.348837,0.116279,0,0.232558,0,0,0,0,0,0,0,0,0,0,0,0,0,0,0,0,0,0,0,0,0,0,0,0,297
0.2222,0.2222,0.2222,0.2222,0,0,0,0,0,0,0.1111,0,0,0,0,0,0,0,0,0,0,0,0,0,0,0,0,0,0,0,0,857
0.2,0,0.2,0.2,0.2,0,0,0,0,0,0,0,0,0,0,0,0,0,0,0,0,0,0,0,0,0,0,0,0,0,0,472
0.238095,0,0.238095,0.238095,0.238095,0,0,0,0,0,0.047619,0,0,0,0,0,0,0,0,0,0,0,0,0,0,0,0,0,0,0,0,549
0.2222,0,0.2222,0.2222,0.2222,0,0,0,0,0,0.2222,0,0,0,0,0,0,0,0,0,0,0,0,0,0,0,0,0,0,0,0,622
0.20833,0,0.20833,0.20833,0.20833,0,0,0,0,0,0.16666,0,0,0,0,0,0,0,0,0,0,0,0,0,0,0,0,0,0,0,0,854
0.2,0,0.2,0.2,0.2,0,0,0,0,0,0.2,0,0,0,0,0,0,0,0,0,0,0,0,0,0,0,0,0,0,0,0,905
0,0.25,0.25,0.25,0,0.25,0,0,0,0,0,0,0,0,0,0,0,0,0,0,0,0,0,0,0,0,0,0,0,0,0,134
0.069767,0.232558,0.232558,0.232558,0,0.232558,0,0,0,0,0,0,0,0,0,0,0,0,0,0,0,0,0,0,0,0,0,0,0,0,0,180
0.1111,0.2222,0.2222,0.2222,0,0.2222,0,0,0,0,0,0,0,0,0,0,0,0,0,0,0,0,0,0,0,0,0,0,0,0,0,207
0.16666,0.20833,0.20833,0.20833,0,0.20833,0,0,0,0,0,0,0,0,0,0,0,0,0,0,0,0,0,0,0,0,0,0,0,0,0,271
0.2,0.2,0.2,0.2,0,0.2,0,0,0,0,0,0,0,0,0,0,0,0,0,0,0,0,0,0,0,0,0,0,0,0,0,407
0.245283,0.188679,0.188679,0.188679,0,0.188679,0,0,0,0,0,0,0,0,0,0,0,0,0,0,0,0,0,0,0,0,0,0,0,0,0,476
0.272727,0.181818,0.181818,0.181818,0,0.181818,0,0,0,0,0,0,0,0,0,0,0,0,0,0,0,0,0,0,0,0,0,0,0,0,0,510
0.310344,0.172413,0.172413,0.172413,0,0.172413,0,0,0,0,0,0,0,0,0,0,0,0,0,0,0,0,0,0,0,0,0,0,0,0,0,557
0.33333,0.166666,0.166666,0.166666,0,0.166666,0,0,0,0,0,0,0,0,0,0,0,0,0,0,0,0,0,0,0,0,0,0,0,0,0,567
0.365079,0.15873,0.15873,0.15873,0,0.15873,0,0,0,0,0,0,0,0,0,0,0,0,0,0,0,0,0,0,0,0,0,0,0,0,0,603
0.384615,0.153846,0.153846,0.153846,0,0.153846,0,0,0,0,0,0,0,0,0,0,0,0,0,0,0,0,0,0,0,0,0,0,0,0,0,624
0.411764,0.147058,0.147058,0.147058,0,0.147058,0,0,0,0,0,0,0,0,0,0,0,0,0,0,0,0,0,0,0,0,0,0,0,0,0,657
0.428571,0.142857,0.142857,0.142857,0,0.142857,0,0,0,0,0,0,0,0,0,0,0,0,0,0,0,0,0,0,0,0,0,0,0,0,0,644
0,0.2222,0.2222,0.2222,0.2222,0.1111,0,0,0,0,0,0,0,0,0,0,0,0,0,0,0,0,0,0,0,0,0,0,0,0,0,172
0,0.2,0.2,0.2,0.2,0.2,0,0,0,0,0,0,0,0,0,0,0,0,0,0,0,0,0,0,0,0,0,0,0,0,0,132
0,0.2,0.2,0.2,0.2,0.2,0,0,0,0,0,0,0,0,0,0,0,0,0,0,0,0,0,0,0,0,0,0,0,0,0,286
0,0.2,0.2,0.2,0.2,0.2,0,0,0,0,0,0,0,0,0,0,0,0,0,0,0,0,0,0,0,0,0,0,0,0,0,286
0,0.181818,0.181818,0.181818,0.181818,0.181818,0,0.090909,0,0,0,0,0,0,0,0,0,0,0,0,0,0,0,0,0,0,0,0,0,0,0,
0,0.181818,0.181818,0.181818,0.181818,0.181818,0,0.090909,0,0,0,0,0,0,0,0,0,0,0,0,0,0,0,0,0,0,0,0,0,0,0,
0,0.172413,0.172413,0.172413,0.172413,0.172413,0,0.137931,0,0,0,0,0,0,0,0,0,0,0,0,0,0,0,0,0,0,0,0,0,0,0,
0,0.16666,0.16666,0.16666,0.16666,0.16666,0,0.16666,0,0,0,0,0,0,0,0,0,0,0,0,0,0,0,0,0,0,0,0,0,0,0,
0.047619,0.190476,0.190476,0.190476,0.190476,0.095238,0,0.095238,0,0,0,0,0,0,0,0,0,0,0,0,0,0,0,0,0,0,0,0,0,0,0,
0.045454,0.181818,0.181818,0.181818,0.181818,0.136363,0,0.090909,0,0,0,0,0,0,0,0,0,0,0,0,0,0,0,0,0,0,0,0,0,0,0,
0.056603,0.188679,0.188679,0.188679,0.188679,0.188679,0,0,0,0,0,0,0,0,0,0,0,0,0,0,0,0,0,0,0,0,0,0,0,0,0,180
0.090909,0.81818,0.81818,0.81818,0.81818,0.81818,0,0,0,0,0,0,0,0,0,0,0,0,0,0,0,0,0,0,0,0,0,0,0,0,0,210
0.090909,0.81818,0.81818,0.81818,0.81818,0.81818,0,0,0,0,0,0,0,0,0,0,0,0,0,0,0,0,0,0,0,0,0,0,0,0,0,300
0.090909,0.81818,0.81818,0.81818,0.81818,0.81818,0,0,0,0,0,0,0,0,0,0,0,0,0,0,0,0,0,0,0,0,0,0,0,0,0,225
0.090909,0.81818,0.81818,0.81818,0.81818,0.81818,0,0,0,0,0,0,0,0,0,0,0,0,0,0,0,0,0,0,0,0,0,0,0,0,0,215
0.137931,0.172413,0.172413,0.172413,0.172413,0.172413,0,0,0,0,0,0,0,0,0,0,0,0,0,0,0,0,0,0,0,0,0,0,0,0,0,270
0.137931,0.172413,0.172413,0.172413,0.172413,0.172413,0,0,0,0,0,0,0,0,0,0,0,0,0,0,0,0,0,0,0,0,0,0,0,0,0,270
0.166666,0.166666,0.166666,0.166666,0.166666,0.166666,0,0,0,0,0,0,0,0,0,0,0,0,0,0,0,0,0,0,0,0,0,0,0,0,0,406
0.166666,0.166666,0.166666,0.166666,0.166666,0.166666,0,0,0,0,0,0,0,0,0,0,0,0,0,0,0,0,0,0,0,0,0,0,0,0,0,472
0.166666,0.166666,0.166666,0.166666,0.166666,0.166666,0,0,0,0,0,0,0,0,0,0,0,0,0,0,0,0,0,0,0,0,0,0,0,0,0,
0.142857,0.142857,0.142857,0.142857,0.142857,0.142857,0.142857,0,0,0,0,0,0,0,0,0,0,0,0,0,0,0,0,0,0,0,0,0,0,0,0,
0.142857,0.142857,0.142857,0.142857,0.142857,0.142857,0,0.142857,0,0,0,0,0,0,0,0,0,0,0,0,0,0,0,0,0,0,0,0,0,0,0,
0.142857,0.142857,0.142857,0.142857,0.142857,0.142857,0,0,0.142857,0,0,0,0,0,0,0,0,0,0,0,0,0,0,0,0,0,0,0,0,0,0,
0.206349,0.15873,0.15873,0.15873,0.15873,0.15873,0,0,0,0,0,0,0,0,0,0,0,0,0,0,0,0,0,0,0,0,0,0,0,0,0,470
0.230769,0.153846,0.153846,0.153846,0.153846,0.153846,0,0,0,0,0,0,0,0,0,0,0,0,0,0,0,0,0,0,0,0,0,0,0,0,0,506
0.264705,0.147058,0.147058,0.147058,0.147058,0.147058,0,0,0,0,0,0,0,0,0,0,0,0,0,0,0,0,0,0,0,0,0,0,0,0,0,650
0.285714,0.142857,0.142857,0.142857,0.142857,0.142857,0,0,0,0,0,0,0,0,0,0,0,0,0,0,0,0,0,0,0,0,0,0,0,0,0,560
0.315068,0.136986,0.136986,0.136986,0.136986,0.136986,0,0,0,0,0,0,0,0,0,0,0,0,0,0,0,0,0,0,0,0,0,0,0,0,0,600
0.333333,0.133333,0.133333,0.133333,0.133333,0.133333,0,0,0,0,0,0,0,0,0,0,0,0,0,0,0,0,0,0,0,0,0,0,0,0,0,620
0.358974,0.128205,0.128205,0.128205,0.128205,0.128205,0,0,0,0,0,0,0,0,0,0,0,0,0,0,0,0,0,0,0,0,0,0,0,0,0,650
0.375,0.125,0.125,0.125,0.125,0.125,0,0,0,0,0,0,0,0,0,0,0,0,0,0,0,0,0,0,0,0,0,0,0,0,0,640
0.087719,0.175438,0.175438,0.175438,0.175438,0.175438,0,0,0,0,0,0,0,0,0.0350877,0,0,0,0,0,0,0,0,0,0,0,0,0,0,0,0,415
0.081967,0.163934,0.163934,0.163934,0.163934,0.163934,0,0,0,0,0,0,0,0,0.09836,0,0,0,0,0,0,0,0,0,0,0,0,0,0,0,0,505
0.076923,0.153846,0.153846,0.153846,0.153846,0.153846,0,0,0,0,0,0,0,0,0.153846,0,0,0,0,0,0,0,0,0,0,0,0,0,0,0,0,736
0.090909,0.181818,0.181818,0.181818,0.181818,0.090909,0,0.090909,0,0,0,0,0,0,0,0,0,0,0,0,0,0,0,0,0,0,0,0,0,0,0,
0.087719,0.175438,0.175438,0.175438,0.175438,0.175438,0,0.035087,0,0,0,0,0,0,0,0,0,0,0,0,0,0,0,0,0,0,0,0,0,0,0,272
0.084745,0.169491,0.169491,0.169491,0.169491,0.169491,0,0.067796,0,0,0,0,0,0,0,0,0,0,0,0,0,0,0,0,0,0,0,0,0,0,0,321
0.081967,0.163934,0.163934,0.163934,0.163934,0.163934,0,0.09836,0,0,0,0,0,0,0,0,0,0,0,0,0,0,0,0,0,0,0,0,0,0,0,458
0.079365,0.1587301,0.1587301,0.1587301,0.1587301,0.1587301,0,0.126984,0,0,0,0,0,0,0,0,0,0,0,0,0,0,0,0,0,0,0,0,0,0,0,590
0.076923,0.153846,0.153846,0.153846,0.153846,0.153846,0,0.153846,0,0,0,0,0,0,0,0,0,0,0,0,0,0,0,0,0,0,0,0,0,0,0,636
0.074626,0.149253,0.149253,0.149253,0.149253,0.149253,0,0.179104,0,0,0,0,0,0,0,0,0,0,0,0,0,0,0,0,0,0,0,0,0,0,0,646
0.072463,0.144927,0.144927,0.144927,0.144927,0.144927,0,0.202898,0,0,0,0,0,0,0,0,0,0,0,0,0,0,0,0,0,0,0,0,0,0,0,664
0.070422,0.140845,0.140845,0.140845,0.140845,0.140845,0,0.225352,0,0,0,0,0,0,0,0,0,0,0,0,0,0,0,0,0,0,0,0,0,0,0,657
0.068493,0.136986,0.136986,0.136986,0.136986,0.136986,0,0.246575,0,0,0,0,0,0,0,0,0,0,0,0,0,0,0,0,0,0,0,0,0,0,0,667
0.066666,0.133333,0.133333,0.133333,0.133333,0.133333,0,0.266666,0,0,0,0,0,0,0,0,0,0,0,0,0,0,0,0,0,0,0,0,0,0,0,696
0.087719,0.175438,0.175438,0.175438,0.175438,0.175438,0,0,0.0350877,0,0,0,0,0,0,0,0,0,0,0,0,0,0,0,0,0,0,0,0,0,0,204
0.084745,0.169491,0.169491,0.169491,0.169491,0.169491,0,0,0.067796,0,0,0,0,0,0,0,0,0,0,0,0,0,0,0,0,0,0,0,0,0,0,231
0.081967,0.163934,0.163934,0.163934,0.163934,0.163934,0,0,0.09836,0,0,0,0,0,0,0,0,0,0,0,0,0,0,0,0,0,0,0,0,0,0,328
0.079365,0.1587301,0.1587301,0.1587301,0.1587301,0.1587301,0,0,0.126984,0,0,0,0,0,0,0,0,0,0,0,0,0,0,0,0,0,0,0,0,0,0,447
0.076923,0.153846,0.153846,0.153846,0.153846,0.153846,0,0,0.153846,0,0,0,0,0,0,0,0,0,0,0,0,0,0,0,0,0,0,0,0,0,0,639
0.074626,0.149253,0.149253,0.149253,0.149253,0.149253,0,0,0.179104,0,0,0,0,0,0,0,0,0,0,0,0,0,0,0,0,0,0,0,0,0,0,579
0.072463,0.144927,0.144927,0.144927,0.144927,0.144927,0,0,0.202898,0,0,0,0,0,0,0,0,0,0,0,0,0,0,0,0,0,0,0,0,0,0,577
0.070422,0.140845,0.140845,0.140845,0.140845,0.140845,0,0,0.225352,0,0,0,0,0,0,0,0,0,0,0,0,0,0,0,0,0,0,0,0,0,0,594
0.068493,0.136986,0.136986,0.136986,0.136986,0.136986,0,0,0.246575,0,0,0,0,0,0,0,0,0,0,0,0,0,0,0,0,0,0,0,0,0,0,597
0.066666,0.133333,0.133333,0.133333,0.133333,0.133333,0,0,0.266666,0,0,0,0,0,0,0,0,0,0,0,0,0,0,0,0,0,0,0,0,0,0,587
0.136363,0.181818,0.181818,0.181818,0.181818,0.045454,0,0,0.090909,0,0,0,0,0,0,0,0,0,0,0,0,0,0,0,0,0,0,0,0,0,0,
0.166666,0.166666,0.166666,0,0.166666,0,0,0.166666,0,0,0,0,0,0,0,0,0,0,0,0,0,0,0,0,0,0,0,0,0,0,0,
0.153846,0.153846,0.153846,0,0.153846,0.153846,0,0.153846,0,0,0,0,0,0,0,0.076923,0,0,0,0,0,0,0,0,0,0,0,0,0,0,0,
0.147058,0.147058,0.147058,0,0.147058,0.147058,0,0.147058,0,0,0,0,0,0,0,0.117647,0,0,0,0,0,0,0,0,0,0,0,0,0,0,0,
0.142857,0.142857,0.142857,0,0.142857,0.142857,0,0.142857,0,0,0,0,0,0,0,0.142857,0,0,0,0,0,0,0,0,0,0,0,0,0,0,0,
0.25,0.25,0,0.25,0.25,0,0,0,0,0,0,0,0,0,0,0,0,0,0,0,0,0,0,0,0,0,0,0,0,0,0,456
0.142857,0.142857,0,0.142857,0.142857,0,0,0.142857,0.142857,0,0,0,0,0.142857,0,0,0,0,0,0,0,0,0,0,0,0,0,0,0,0,0,790
0,0.25,0,0.25,0.25,0.25,0,0,0,0,0,0,0,0,0,0,0,0,0,0,0,0,0,0,0,0,0,0,0,0,0,
0,0.248756,0,0.248756,0.248756,0.248756,0,0,0,0,0,0,0,0,0,0,0.00497512,0,0,0,0,0,0,0,0,0,0,0,0,0,0,
0,0.247524,0,0.247524,0.247524,0.247524,0,0,0,0,0,0,0,0,0,0,0.0099,0,0,0,0,0,0,0,0,0,0,0,0,0,0,
0,0.246913,0,0.246913,0.246913,0.246913,0,0,0,0,0,0,0,0,0,0,0.012345,0,0,0,0,0,0,0,0,0,0,0,0,0,0,
0,0.2457,0,0.2457,0.2457,0.2457,0,0,0,0,0,0,0,0,0,0,0.017199,0,0,0,0,0,0,0,0,0,0,0,0,0,0,
0,0.2439,0,0.2439,0.2439,0.2439,0,0,0,0,0,0,0,0,0,0,0.02439,0,0,0,0,0,0,0,0,0,0,0,0,0,0,
0,0.23809,0,0.23809,0.23809,0.23809,0,0,0,0,0,0,0,0,0,0,0.047619,0,0,0,0,0,0,0,0,0,0,0,0,0,0,
0,0.22222,0,0.22222,0.22222,0.22222,0,0,0,0,0,0,0,0,0,0,0.11111,0,0,0,0,0,0,0,0,0,0,0,0,0,0,
0.2,0.2,0,0.2,0.2,0.2,0,0,0,0,0,0,0,0,0,0,0,0,0,0,0,0,0,0,0,0,0,0,0,0,0,536
0.166666,0.166666,0,0.166666,0.166666,0.166666,0,0,0,0.166666,0,0,0,0,0,0,0,0,0,0,0,0,0,0,0,0,0,0,0,0,0,578
0.166666,0.166666,0,0.166666,0.166666,0.166666,0,0,0,0,0,0,0.166666,0,0,0,0,0,0,0,0,0,0,0,0,0,0,0,0,0,0,682
0.166666,0.166666,0,0.166666,0.166666,0.166666,0,0.166666,0,0,0,0,0,0,0,0,0,0,0,0,0,0,0,0,0,0,0,0,0,0,0,626
0.166666,0.166666,0,0.166666,0.166666,0.166666,0,0,0,0,0,0,0,0.166666,0,0,0,0,0,0,0,0,0,0,0,0,0,0,0,0,0,472
0,0.2,0,0.2,0.2,0.2,0.2,0,0,0,0,0,0,0,0,0,0,0,0,0,0,0,0,0,0,0,0,0,0,0,0,208
0,0.198807,0,0.198807,0.198807,0.198807,0.198807,0,0,0,0,0,0,0,0,0,0.0059642,0,0,0,0,0,0,0,0,0,0,0,0,0,0,192
0,0.198019,0,0.198019,0.198019,0.198019,0.198019,0,0,0,0,0,0,0,0,0,0.0099009,0,0,0,0,0,0,0,0,0,0,0,0,0,0,205
0,0.19685,0,0.19685,0.19685,0.19685,0.19685,0,0,0,0,0,0,0,0,0,0.015748,0,0,0,0,0,0,0,0,0,0,0,0,0,0,219
0,0.196078,0,0.196078,0.196078,0.196078,0.196078,0,0,0,0,0,0,0,0,0,0.0196078,0,0,0,0,0,0,0,0,0,0,0,0,0,0,253
0,0.192307,0,0.192307,0.192307,0.192307,0.192307,0,0,0,0,0,0,0,0,0,0.0384615,0,0,0,0,0,0,0,0,0,0,0,0,0,0,319
0,0,0.2,0.2,0.2,0.2,0.2,0,0,0,0,0,0,0,0,0,0,0,0,0,0,0,0,0,0,0,0,0,0,0,0,296
0,0,0.2,0.2,0.2,0.2,0,0,0,0,0.2,0,0,0,0,0,0,0,0,0,0,0,0,0,0,0,0,0,0,0,0,263
0.217391,0,0.217391,0.217391,0.130434,0.217391,0,0,0,0,0,0,0,0,0,0,0,0,0,0,0,0,0,0,0,0,0,0,0,0,0,496
0.208333,0,0.208333,0.208333,0.166666,0.208333,0,0,0,0,0,0,0,0,0,0,0,0,0,0,0,0,0,0,0,0,0,0,0,0,0,486
0.2,0,0.2,0.2,0.2,0.2,0,0,0,0,0,0,0,0,0,0,0,0,0,0,0,0,0,0,0,0,0,0,0,0,0,495
0.192307,0,0.192307,0.192307,0.230769,0.192307,0,0,0,0,0,0,0,0,0,0,0,0,0,0,0,0,0,0,0,0,0,0,0,0,0,407
0.185185,0,0.185185,0.185185,0.259259,0.185185,0,0,0,0,0,0,0,0,0,0,0,0,0,0,0,0,0,0,0,0,0,0,0,0,0,367
0.166666,0,0.166666,0.166666,0.333333,0.166666,0,0,0,0,0,0,0,0,0,0,0,0,0,0,0,0,0,0,0,0,0,0,0,0,0,
0.166666,0,0.166666,0.166666,0.166666,0.166666,0,0.166666,0,0,0,0,0,0,0,0,0,0,0,0,0,0,0,0,0,0,0,0,0,0,0,
0.038461,0,0.1923076,0.1923076,0.384615,0.1923076,0,0,0,0,0,0,0,0,0,0,0,0,0,0,0,0,0,0,0,0,0,0,0,0,0,
0.074074,0,0.185185,0.185185,0.37037,0.185185,0,0,0,0,0,0,0,0,0,0,0,0,0,0,0,0,0,0,0,0,0,0,0,0,0,
0.107142,0,0.178571,0.178571,0.357142,0.178571,0,0,0,0,0,0,0,0,0,0,0,0,0,0,0,0,0,0,0,0,0,0,0,0,0,
0.137931,0,0.172413,0.172413,0.344827,0.172413,0,0,0,0,0,0,0,0,0,0,0,0,0,0,0,0,0,0,0,0,0,0,0,0,0,
0.193548,0,0.16129,0.16129,0.32258,0.16129,0,0,0,0,0,0,0,0,0,0,0,0,0,0,0,0,0,0,0,0,0,0,0,0,0,
0.2,0,0.2,0.2,0.2,0.2,0,0,0,0,0,0,0,0,0,0,0,0,0,0,0,0,0,0,0,0,0,0,0,0,0,342
0.225,0,0,0.15,0.2,0.2,0,0.225,0,0,0,0,0,0,0,0,0,0,0,0,0,0,0,0,0,0,0,0,0,0,0,516
0.225,0,0,0.15,0.2,0.2,0,0.225,0,0,0,0,0,0,0,0,0,0,0,0,0,0,0,0,0,0,0,0,0,0,0,516
0.2,0,0,0.2,0.2,0.2,0,0.2,0,0,0,0,0,0,0,0,0,0,0,0,0,0,0,0,0,0,0,0,0,0,0,516
0.25,0,0,0,0.25,0.25,0,0.25,0,0,0,0,0,0,0,0,0,0,0,0,0,0,0,0,0,0,0,0,0,0,0,537
0.3125,0,0,0,0,0,0,0,0,0,0,0,0,0,0,0,0.0625,0.15625,0.3125,0.15625,0,0,0,0,0,0,0,0,0,0,0,
0.2,0,0,0,0,0,0,0.3,0,0,0,0,0,0,0,0,0,0.2,0.1,0,0.2,0,0,0,0,0,0,0,0,0,0,591
0.2,0,0,0,0,0,0,0,0,0,0,0,0,0,0,0,0.2,0.2,0.2,0.2,0,0,0,0,0,0,0,0,0,0,0,
0.8,0,0,0,0,0,0,0,0,0,0,0,0,0,0,0,0.05,0.05,0.05,0.05,0,0,0,0,0,0,0,0,0,0,0,
0.8,0,0,0,0,0.05,0,0,0,0,0,0,0,0,0,0,0,0.05,0.05,0.05,0,0,0,0,0,0,0,0,0,0,0,
0.3125,0,0,0,0,0.0625,0,0,0,0,0,0,0,0,0,0,0,0.15625,0.3125,0.15625,0,0,0,0,0,0,0,0,0,0,0,
0.3125,0,0,0,0,0.15625,0,0,0,0,0,0,0,0,0,0,0.0625,0.15625,0.3125,0,0,0,0,0,0,0,0,0,0,0,0,
0.22222,0,0.11111,0,0,0,0,0.22222,0.22222,0.22222,0,0,0,0,0,0,0,0,0,0,0,0,0,0,0,0,0,0,0,0,0,
0.2,0,0.2,0,0,0,0,0.2,0.2,0.2,0,0,0,0,0,0,0,0,0,0,0,0,0,0,0,0,0,0,0,0,0,
0.181818,0,0.272727,0,0,0,0,0.181818,0.181818,0.181818,0,0,0,0,0,0,0,0,0,0,0,0,0,0,0,0,0,0,0,0,0,
0.08,0,0,0,0,0,0,0.2,0,0.2,0,0,0,0.2,0,0,0,0,0,0,0,0.12,0.2,0,0,0,0,0,0,0,0,500
0.056603,0,0,0,0,0,0,0.188679,0,0.188679,0,0,0,0.188679,0,0,0,0,0,0,0,0.188679,0.188679,0,0,0,0,0,0,0,0,353
0.090909,0,0,0,0,0,0,0.181818,0,0.181818,0,0,0,0.181818,0,0,0,0,0,0,0,0.181818,0.181818,0,0,0,0,0,0,0,0,396
0.1304347,0,0,0,0,0,0,0.173913,0,0.173913,0,0,0,0.173913,0,0,0,0,0,0,0,0.173913,0.173913,0,0,0,0,0,0,0,0,427
0.2,0,0,0,0,0,0,0.2,0,0.2,0.1,0,0,0.2,0,0,0,0,0,0,0,0,0.1,0,0,0,0,0,0,0,0,591
0.058823,0,0,0,0,0,0,0.235294,0.235294,0.235294,0.235294,0,0,0,0,0,0,0,0,0,0,0,0,0,0,0,0,0,0,0,0,460
0.111111,0,0,0,0,0,0,0.222222,0.222222,0.222222,0.222222,0,0,0,0,0,0,0,0,0,0,0,0,0,0,0,0,0,0,0,0,487
0.157894,0,0,0,0,0,0,0.210526,0.210526,0.210526,0.210526,0,0,0,0,0,0,0,0,0,0,0,0,0,0,0,0,0,0,0,0,517
0.2,0,0,0,0,0,0,0.2,0.2,0.2,0.2,0,0,0,0,0,0,0,0,0,0,0,0,0,0,0,0,0,0,0,0,537
0.058823,0,0,0,0,0,0,0.235294,0.235294,0.235294,0,0,0,0,0,0,0,0,0,0,0,0,0.235294,0,0,0,0,0,0,0,0,
0.111111,0,0,0,0,0,0,0.222222,0.222222,0.222222,0,0,0,0,0,0,0,0,0,0,0,0,0.222222,0,0,0,0,0,0,0,0,
0.2,0,0,0,0,0,0,0.2,0.2,0.2,0,0,0,0,0,0,0,0,0,0,0,0,0.2,0,0,0,0,0,0,0,0,
0.06,0,0,0,0,0,0,0.28,0.04,0.2,0,0,0,0.26,0,0,0,0,0,0,0,0,0.16,0,0,0,0,0,0,0,0,500
0.1,0,0,0,0,0,0,0.3,0.04,0.2,0,0,0,0.2,0,0,0,0,0,0,0,0,0.16,0,0,0,0,0,0,0,0,530
0.06,0,0,0,0,0,0,0.28,0,0.2,0,0,0,0.26,0,0,0,0,0,0,0,0,0.2,0,0,0,0,0,0,0,0,490
0.2,0,0,0,0,0,0,0.3,0,0.3,0,0,0,0.1,0,0,0,0,0,0,0,0,0.1,0,0,0,0,0,0,0,0,408
0.25,0,0,0,0,0,0,0.25,0.25,0.25,0,0,0,0,0,0,0,0,0,0,0,0,0,0,0,0,0,0,0,0,0,448
0.25,0,0,0,0,0,0,0.25,0.25,0.25,0,0,0,0,0,0,0,0,0,0,0,0,0,0,0,0,0,0,0,0,0,
0,0,0.2,0,0,0,0,0.2,0,0.2,0,0,0,0.2,0,0,0,0,0,0,0,0.2,0,0,0,0,0,0,0,0,0,464
0,0,0.2,0,0,0,0,0.2,0,0.2,0.1,0,0,0.2,0,0,0,0,0,0,0,0,0.1,0,0,0,0,0,0,0,0,540
0,0,0.2,0,0,0,0,0.2,0.2,0.2,0,0,0,0.2,0,0,0,0,0,0,0,0,0,0,0,0,0,0,0,0,0,482
0,0,0.25,0,0,0,0,0.25,0,0.25,0,0,0,0.25,0,0,0,0,0,0,0,0,0,0,0,0,0,0,0,0,0,418
0,0,0,0.166666,0.166666,0,0,0.166666,0.166666,0,0.166666,0,0,0.166666,0,0,0,0,0,0,0,0,0,0,0,0,0,0,0,0,0,740
0,0,0,0,0,0,0,0.25,0,0.25,0.125,0,0,0.25,0,0,0,0,0,0,0,0.125,0,0,0,0,0,0,0,0,0,400
0,0,0,0,0,0,0,0.243902,0,0.243902,0.121951,0,0.0243902,0.243902,0,0,0,0,0,0,0,0.121951,0,0,0,0,0,0,0,0,0,442
0,0,0,0,0,0,0,0.232558,0,0.232558,0.116279,0,0.069767,0.232558,0,0,0,0,0,0,0,0.116279,0,0,0,0,0,0,0,0,0,494
0,0,0,0,0,0,0,0.222222,0,0.222222,0.111111,0,0.111111,0.222222,0,0,0,0,0,0,0,0.111111,0,0,0,0,0,0,0,0,0,524
0,0,0,0,0,0,0,0.212765,0,0.212765,0.106382,0,0.148936,0.212765,0,0,0,0,0,0,0,0.106382,0,0,0,0,0,0,0,0,0,580
0,0,0,0,0,0,0,0.204081,0,0.204081,0.10204,0,0.183673,0.204081,0,0,0,0,0,0,0,0.10204,0,0,0,0,0,0,0,0,0,640
0,0,0,0,0,0,0,0.243902,0,0.243902,0.121951,0.0243902,0,0.243902,0,0,0,0,0,0,0,0.121951,0,0,0,0,0,0,0,0,0,
0,0,0,0,0,0,0,0.232558,0,0.232558,0.116279,0.069767,0,0.232558,0,0,0,0,0,0,0,0.116279,0,0,0,0,0,0,0,0,0,
0,0,0,0,0,0,0,0.190476,0,0.190476,0.047619,0,0,0.190476,0,0,0,0,0,0,0,0.190476,0.190476,0,0,0,0,0,0,0,0,395
0,0,0,0,0,0,0,0.181818,0,0.181818,0.090909,0,0,0.181818,0,0,0,0,0,0,0,0.181818,0.181818,0,0,0,0,0,0,0,0,480
0,0,0,0,0,0,0,0.173913,0,0.173913,0.130434,0,0,0.173913,0,0,0,0,0,0,0,0.173913,0.173913,0,0,0,0,0,0,0,0,492
0,0,0,0,0,0,0,0.166666,0,0.166666,0.166666,0,0,0.166666,0,0,0,0,0,0,0,0.166666,0.166666,0,0,0,0,0,0,0,0,505
0,0,0,0,0,0,0,0.166666,0,0.166666,0.166666,0,0,0.166666,0,0,0,0,0,0,0,0.166666,0.166666,0,0,0,0,0,0,0,0,505
0,0,0,0,0,0,0,0.2,0,0,0.2,0,0,0.2,0,0,0,0,0,0,0,0.2,0.2,0,0,0,0,0,0,0,0,542
0,0,0,0,0,0,0,0.2,0,0.2,0.2,0,0,0.2,0,0,0,0,0,0,0,0.2,0,0,0,0,0,0,0,0,0,
0,0,0,0,0,0,0,0.222222,0.222222,0.222222,0,0,0.111111,0,0,0,0,0,0,0,0,0.222222,0,0,0,0,0,0,0,0,0,490
0,0,0,0,0,0,0,0.181818,0.181818,0.181818,0,0,0.090909,0.181818,0,0,0,0,0,0,0,0.181818,0,0,0,0,0,0,0,0,0,464
0,0,0,0,0,0,0,0,0,0.25,0,0,0,0.25,0,0,0,0,0,0,0,0.25,0.25,0,0,0,0,0,0,0,0,365
0,0,0,0,0,0,0,0.375,0,0.125,0,0,0,0.25,0,0,0,0,0,0,0,0.125,0.125,0,0,0,0,0,0,0,0,301
0,0,0,0,0,0,0,0.2,0,0.2,0,0,0,0.2,0,0,0,0,0,0,0,0.2,0.2,0,0,0,0,0,0,0,0,335
0,0,0,0,0,0,0,0.2,0,0.2,0,0,0,0.2,0,0,0,0,0,0,0,0.2,0.2,0,0,0,0,0,0,0,0,295
0,0,0,0,0,0,0,0.2,0,0.2,0,0,0,0.2,0,0,0,0,0,0,0,0.2,0.2,0,0,0,0,0,0,0,0,390
0,0,0,0,0,0,0,0.2,0.2,0.2,0,0,0,0.2,0,0,0,0,0,0,0,0.2,0,0,0,0,0,0,0,0,0,388
0,0,0,0,0,0,0,0.25,0,0.25,0,0,0,0.25,0,0,0,0,0,0,0,0.25,0,0,0,0,0,0,0,0,0,
0,0,0,0,0,0,0,0,0.25,0.25,0.25,0,0,0,0,0,0,0,0,0,0,0,0.25,0,0,0,0,0,0,0,0,504
0,0,0,0,0,0,0,0,0.2,0.2,0.2,0,0,0,0,0,0,0,0,0,0,0,0.2,0.2,0,0,0,0,0,0,0,536
0,0,0,0,0,0,0,0,0,0.25,0.25,0,0,0,0,0,0,0,0,0,0,0,0.25,0.25,0,0,0,0,0,0,0,454
0,0,0,0,0,0,0,0.25,0.25,0.25,0.25,0,0,0,0,0,0,0,0,0,0,0,0,0,0,0,0,0,0,0,0,441
0,0,0,0,0,0,0,0.232558,0.232558,0.232558,0.069767,0,0,0.232558,0,0,0,0,0,0,0,0,0,0,0,0,0,0,0,0,0,
0,0,0,0,0,0,0,0.222222,0.222222,0.222222,0.111111,0,0,0.222222,0,0,0,0,0,0,0,0,0,0,0,0,0,0,0,0,0,
0,0,0,0,0,0,0,0.212765,0.212765,0.212765,0.148936,0,0,0.212765,0,0,0,0,0,0,0,0,0,0,0,0,0,0,0,0,0,
0,0,0,0,0,0,0,0.2,0.2,0.2,0.2,0,0,0.2,0,0,0,0,0,0,0,0,0,0,0,0,0,0,0,0,0,
0,0,0,0,0,0,0,0.188679,0.188679,0.188679,0.245283,0,0,0.188679,0,0,0,0,0,0,0,0,0,0,0,0,0,0,0,0,0,
0,0,0,0,0,0,0,0.181818,0.181818,0.181818,0.272727,0,0,0.181818,0,0,0,0,0,0,0,0,0,0,0,0,0,0,0,0,0,
0,0,0,0,0,0,0,0.175438,0.175438,0.175438,0.298245,0,0,0.175438,0,0,0,0,0,0,0,0,0,0,0,0,0,0,0,0,0,
0,0,0,0,0,0,0,0.166666,0.166666,0.166666,0.333333,0,0,0.166666,0,0,0,0,0,0,0,0,0,0,0,0,0,0,0,0,0,
0,0,0,0,0,0,0,0.235294,0.058823,0.235294,0.235294,0,0,0.235294,0,0,0,0,0,0,0,0,0,0,0,0,0,0,0,0,0,
0,0,0,0,0,0,0,0.222222,0.11111,0.222222,0.222222,0,0,0.222222,0,0,0,0,0,0,0,0,0,0,0,0,0,0,0,0,0,
0,0,0,0,0,0,0,0.210526,0.157894,0.210526,0.210526,0,0,0.210526,0,0,0,0,0,0,0,0,0,0,0,0,0,0,0,0,0,
0,0,0,0,0,0,0,0.2,0.2,0.2,0.2,0,0,0.2,0,0,0,0,0,0,0,0,0,0,0,0,0,0,0,0,0,
0,0,0,0,0,0,0,0.181818,0.272727,0.181818,0.181818,0,0,0.181818,0,0,0,0,0,0,0,0,0,0,0,0,0,0,0,0,0,
0,0,0,0,0,0,0,0.166666,0.333333,0.166666,0.166666,0,0,0.166666,0,0,0,0,0,0,0,0,0,0,0,0,0,0,0,0,0,
0,0,0,0,0,0,0,0.142857,0.428571,0.142857,0.142857,0,0,0.142857,0,0,0,0,0,0,0,0,0,0,0,0,0,0,0,0,0,
0,0,0,0,0,0,0,0.25,0,0.25,0.25,0,0,0.25,0,0,0,0,0,0,0,0,0,0,0,0,0,0,0,0,0,
0,0,0,0,0,0,0,0.25,0.25,0.25,0,0,0,0,0,0,0,0,0,0,0,0,0.25,0,0,0,0,0,0,0,0,
0,0,0,0,0,0,0,0,0.25,0.25,0,0,0,0,0,0,0,0,0,0,0,0,0.25,0.25,0,0,0,0,0,0,0,492
0,0,0,0,0,0,0,0.2,0.2,0.2,0,0,0,0,0,0,0,0,0,0,0,0,0.2,0.2,0,0,0,0,0,0,0,447
0,0,0,0,0,0,0,0.30303,0.090909,0.30303,0,0,0,0.30303,0,0,0,0,0,0,0,0,0,0,0,0,0,0,0,0,0,
0,0,0,0,0,0,0,0.416666,0.125,0.416666,0.041666,0,0,0,0,0,0,0,0,0,0,0,0,0,0,0,0,0,0,0,0,
0,0,0,0,0,0,0,0.384615,0.115384,0.384615,0.115384,0,0,0,0,0,0,0,0,0,0,0,0,0,0,0,0,0,0,0,0,
0,0,0,0,0,0,0,0.357142,0.107142,0.357142,0.178571,0,0,0,0,0,0,0,0,0,0,0,0,0,0,0,0,0,0,0,0,
0,0,0,0,0,0,0,0.333333,0.1,0.333333,0.233333,0,0,0,0,0,0,0,0,0,0,0,0,0,0,0,0,0,0,0,0,
0,0,0,0,0,0,0,0.30303,0.090909,0.30303,0.30303,0,0,0,0,0,0,0,0,0,0,0,0,0,0,0,0,0,0,0,0,
0,0,0,0,0,0,0,0.277777,0.083333,0.277777,0.361111,0,0,0,0,0,0,0,0,0,0,0,0,0,0,0,0,0,0,0,0,
0,0,0,0,0,0,0,0.263157,0.078947,0.263157,0.394736,0,0,0,0,0,0,0,0,0,0,0,0,0,0,0,0,0,0,0,0,
0,0,0,0,0,0,0,0.25,0.25,0.25,0,0,0,0.25,0,0,0,0,0,0,0,0,0,0,0,0,0,0,0,0,0,
0,0,0,0,0,0,0,0.25,0.25,0.25,0,0,0,0.25,0,0,0,0,0,0,0,0,0,0,0,0,0,0,0,0,0,335
0,0,0,0,0,0,0,0.2,0.4,0.2,0,0,0,0.2,0,0,0,0,0,0,0,0,0,0,0,0,0,0,0,0,0,304
0,0.125,0.125,0.125,0.125,0.125,0,0.125,0.125,0,0,0,0,0.125,0,0,0,0,0,0,0,0,0,0,0,0,0,0,0,0,0,680
0,0.125,0.125,0.125,0.125,0.125,0,0.125,0.125,0,0,0,0,0.125,0,0,0,0,0,0,0,0,0,0,0,0,0,0,0,0,0,850
0,0.142857,0,0.142857,0.142857,0.142857,0,0.142857,0.142857,0,0,0,0,0.142857,0,0,0,0,0,0,0,0,0,0,0,0,0,0,0,0,0,630
0,0.25,0,0.25,0.25,0,0,0,0.25,0,0,0,0,0,0,0,0,0,0,0,0,0,0,0,0,0,0,0,0,0,0,238
0,0.238095,0,0.238095,0.238095,0,0,0,0.238095,0,0.047619,0,0,0,0,0,0,0,0,0,0,0,0,0,0,0,0,0,0,0,0,267
0,0.227272,0,0.227272,0.227272,0,0,0,0.227272,0,0.090909,0,0,0,0,0,0,0,0,0,0,0,0,0,0,0,0,0,0,0,0,402
0,0.217391,0,0.217391,0.217391,0,0,0,0.217391,0,0.1304347,0,0,0,0,0,0,0,0,0,0,0,0,0,0,0,0,0,0,0,0,557
0,0.208333,0,0.208333,0.208333,0,0,0,0.208333,0,0.166666,0,0,0,0,0,0,0,0,0,0,0,0,0,0,0,0,0,0,0,0,606
0,0.2,0,0.2,0.2,0,0,0,0.2,0,0.2,0,0,0,0,0,0,0,0,0,0,0,0,0,0,0,0,0,0,0,0,625
0,0.192307,0,0.192307,0.230769,0,0,0,0.192307,0,0.192307,0,0,0,0,0,0,0,0,0,0,0,0,0,0,0,0,0,0,0,0,602
0,0.185185,0,0.185185,0.259259,0,0,0,0.185185,0,0.185185,0,0,0,0,0,0,0,0,0,0,0,0,0,0,0,0,0,0,0,0,538
0,0.178571,0,0.178571,0.285714,0,0,0,0.178571,0,0.178571,0,0,0,0,0,0,0,0,0,0,0,0,0,0,0,0,0,0,0,0,520
0,0.172413,0,0.172413,0.310344,0,0,0,0.172413,0,0.172413,0,0,0,0,0,0,0,0,0,0,0,0,0,0,0,0,0,0,0,0,510
0,0.166666,0,0.166666,0.333333,0,0,0,0.166666,0,0.166666,0,0,0,0,0,0,0,0,0,0,0,0,0,0,0,0,0,0,0,0,382
0,0.142857,0,0.142857,0.142857,0,0,0.142857,0.142857,0,0.142857,0,0,0.142857,0,0,0,0,0,0,0,0,0,0,0,0,0,0,0,0,0,790
0,0,0,0.166666,0.166666,0.166666,0,0.166666,0.166666,0,0,0,0,0.166666,0,0,0,0,0,0,0,0,0,0,0,0,0,0,0,0,0,590
0,0.125,0.125,0.125,0.125,0.125,0.125,0.125,0.125,0,0,0,0,0,0,0,0,0,0,0,0,0,0,0,0,0,0,0,0,0,0,
0.111,0.111125,0.111125,0.111125,0.111125,0.111125,0.111125,0.111125,0.111125,0,0,0,0,0,0,0,0,0,0,0,0,0,0,0,0,0,0,0,0,0,0,
0.2,0.1,0.1,0.1,0.1,0.1,0.1,0.1,0.1,0,0,0,0,0,0,0,0,0,0,0,0,0,0,0,0,0,0,0,0,0,0,
0.4,0.075,0.075,0.075,0.075,0.075,0.075,0.075,0.075,0,0,0,0,0,0,0,0,0,0,0,0,0,0,0,0,0,0,0,0,0,0,
0.166666,0,0,0.166666,0.166666,0,0,0.166666,0.166666,0,0,0,0,0.166666,0,0,0,0,0,0,0,0,0,0,0,0,0,0,0,0,0,800
0,0,0,0,0.25,0.25,0.25,0,0,0,0,0,0,0,0,0,0,0,0,0.25,0,0,0,0,0,0,0,0,0,0,0,147
0,0,0,0,0.266666,0.266666,0.266666,0,0,0,0,0,0,0,0,0,0,0,0,0.2,0,0,0,0,0,0,0,0,0,0,0,109
0.1,0,0,0,0.3,0.3,0.3,0,0,0,0,0,0,0,0,0,0,0,0,0,0,0,0,0,0,0,0,0,0,0,0,241
0,0,0,0,0.3,0.3,0.3,0,0,0,0,0,0,0,0,0,0.1,0,0,0,0,0,0,0,0,0,0,0,0,0,0,318
0.05,0,0,0,0.316666,0.316666,0.316666,0,0,0,0,0,0,0,0,0,0,0,0,0,0,0,0,0,0,0,0,0,0,0,0,166
0,0,0,0,0.316666,0.316666,0.316666,0,0,0,0,0,0,0,0,0,0.05,0,0,0,0,0,0,0,0,0,0,0,0,0,0,205
0,0,0,0,0,0,0,0.058823,0,0.235294,0.235294,0,0,0,0,0,0,0,0,0,0,0,0.235294,0.235294,0,0,0,0,0,0,0,478.3
0,0,0,0,0,0,0,0.111111,0,0.222222,0.222222,0,0,0,0,0,0,0,0,0,0,0,0.222222,0.222222,0,0,0,0,0,0,0,481.2
0,0,0,0,0,0,0,0.157894,0,0.210526,0.210526,0,0,0,0,0,0,0,0,0,0,0,0.210526,0.210526,0,0,0,0,0,0,0,495.6
0,0,0,0,0,0,0,0.2,0,0.2,0.2,0,0,0,0,0,0,0,0,0,0,0,0.2,0.2,0,0,0,0,0,0,0,507.5
0.222222,0,0.222222,0.222222,0.222222,0,0,0,0,0,0.111111,0,0,0,0,0,0,0,0,0,0,0,0,0,0,0,0,0,0,0,0,623.7
0.210526,0,0.210526,0.210526,0.210526,0,0,0.052631,0,0,0.105263,0,0,0,0,0,0,0,0,0,0,0,0,0,0,0,0,0,0,0,0,712
0.2040816,0,0.2040816,0.2040816,0.2040816,0,0,0.0816326,0,0,0.1020408,0,0,0,0,0,0,0,0,0,0,0,0,0,0,0,0,0,0,0,0,731.9
0.2,0,0.2,0.2,0.2,0,0,0.1,0,0,0.1,0,0,0,0,0,0,0,0,0,0,0,0,0,0,0,0,0,0,0,0,751.7
0.1960784,0,0.1960784,0.1960784,0.1960784,0,0,0.117647,0,0,0.0980392,0,0,0,0,0,0,0,0,0,0,0,0,0,0,0,0,0,0,0,0,756.1
0.1904761,0,0.1904761,0.1904761,0.1904761,0,0,0.1428571,0,0,0.9523809,0,0,0,0,0,0,0,0,0,0,0,0,0,0,0,0,0,0,0,0,766.2
0.0625,0.25,0,0.25,0.25,0.1875,0,0,0,0,0,0,0,0,0,0,0,0,0,0,0,0,0,0,0,0,0,0,0,0,0,
